{
  "type": "create:sequenced_assembly",
  "ingredient": {
    "item": "create_ironworks:copper_armor_boots"
  },
  "loops": 1,
  "results": [
    {
      "item": "immersive_armors:steampunk_boots",
      "chance": 120.0
    },
    {
      "item": "create_ironworks:brass_armor_boots",
      "chance": 4.0
    },
    {
      "item": "create_ironworks:copper_armor_boots",
      "chance": 4.0
    },
    {
      "item": "create:brass_sheet",
      "chance": 4.0
    },
    {
      "item": "create:brass_nugget",
      "chance": 4.0
    }
  ],
  "sequence": [
    {
      "type": "create:deploying",
      "ingredients": [
        {
          "item": "create_ironworks:brass_armor_boots"
        },
        {
          "item": "create:brass_sheet"
        }
      ],
      "results": [
        {
          "item": "create_ironworks:brass_armor_boots"
        }
      ]
    },
    {
      "type": "create:deploying",
      "ingredients": [
        {
          "item": "create_ironworks:brass_armor_boots"
        },
        {
          "item": "create:cogwheel"
        }
      ],
      "results": [
        {
          "item": "create_ironworks:brass_armor_boots"
        }
      ]
    },
    {
      "type": "create:deploying",
      "ingredients": [
        {
          "item": "create_ironworks:brass_armor_boots"
        },
        {
          "item": "create:electron_tube"
        }
      ],
      "results": [
        {
          "item": "create_ironworks:brass_armor_boots"
        }
      ]
    }
  ],
  "transitionalItem": {
    "item": "create_ironworks:brass_armor_boots"
  }
}
