{
  "removed": [
    "item:minecraft:leather_helmet{display:{Name:'{\"translate\":\"set.aquamirae.dead_sea_hat\"}',color:711840}}",
    "item:minecraft:leather_helmet{display:{Name:'{\"translate\":\"set.aquamirae.sea_tramps_hat\"}',color:688860}}",
    "item:minecraft:leather_helmet{display:{Name:'{\"translate\":\"set.aquamirae.twilight_grotto_hat\"}',color:704220}}",
    "item:minecraft:leather_chestplate{display:{Name:'{\"translate\":\"set.aquamirae.twilight_grotto_doublet\"}',color:704220}}",
    "item:minecraft:leather_chestplate{display:{Name:'{\"translate\":\"set.aquamirae.dead_sea_doublet\"}',color:711840}}",
    "item:minecraft:leather_chestplate{display:{Name:'{\"translate\":\"set.aquamirae.sea_tramps_doublet\"}',color:688860}}",
    "item:minecraft:leather_leggings{display:{Name:'{\"translate\":\"set.aquamirae.twilight_grotto_pants\"}',color:704220}}",
    "item:minecraft:leather_leggings{display:{Name:'{\"translate\":\"set.aquamirae.dead_sea_pants\"}',color:711840}}",
    "item:minecraft:leather_leggings{display:{Name:'{\"translate\":\"set.aquamirae.sea_tramps_pants\"}',color:688860}}",
    "item:minecraft:leather_boots{display:{Name:'{\"translate\":\"set.aquamirae.dead_sea_boots\"}',color:711840}}",
    "item:minecraft:leather_boots{display:{Name:'{\"translate\":\"set.aquamirae.twilight_grotto_boots\"}',color:704220}}",
    "item:minecraft:leather_boots{display:{Name:'{\"translate\":\"set.aquamirae.sea_tramps_boots\"}',color:688860}}",
    "item:minecraft:iron_helmet{display:{Name:'{\"translate\":\"set.aquamirae.dead_sea_helmet\"}'}}",
    "item:minecraft:iron_helmet{display:{Name:'{\"translate\":\"set.aquamirae.twilight_grotto_helmet\"}'}}",
    "item:minecraft:iron_helmet{display:{Name:'{\"translate\":\"set.aquamirae.sea_tramps_helmet\"}'}}",
    "item:minecraft:iron_chestplate{display:{Name:'{\"translate\":\"set.aquamirae.dead_sea_chestplate\"}'}}",
    "item:minecraft:iron_chestplate{display:{Name:'{\"translate\":\"set.aquamirae.twilight_grotto_chestplate\"}'}}",
    "item:minecraft:iron_leggings{display:{Name:'{\"translate\":\"set.aquamirae.dead_sea_leggings\"}'}}",
    "item:minecraft:iron_chestplate{display:{Name:'{\"translate\":\"set.aquamirae.sea_tramps_chestplate\"}'}}",
    "item:minecraft:iron_leggings{display:{Name:'{\"translate\":\"set.aquamirae.twilight_grotto_leggings\"}'}}",
    "item:minecraft:iron_leggings{display:{Name:'{\"translate\":\"set.aquamirae.sea_tramps_leggings\"}'}}",
    "item:minecraft:iron_boots{display:{Name:'{\"translate\":\"set.aquamirae.twilight_grotto_boots\"}'}}",
    "item:minecraft:iron_boots{display:{Name:'{\"translate\":\"set.aquamirae.dead_sea_boots\"}'}}",
    "item:minecraft:iron_boots{display:{Name:'{\"translate\":\"set.aquamirae.sea_tramps_boots\"}'}}"
  ]
}
