[
  {
    "matchItems": [
      "samurai_dynasty:steel_ingot"
    ],
    "resultItems": "create_ironworks:steel_ingot"
  },
  {
    "matchItems": [
      "samurai_dynasty:steel_block"
    ],
    "resultItems": "create_ironworks:steel_block"
  },
  {
    "matchItems": [
      "farm_and_charm:onion"
    ],
    "resultItems": "farmersdelight:onion"
  },
  {
    "matchItems": [
      "farm_and_charm:tomato"
    ],
    "resultItems": "farmersdelight:tomato"
  },
  {
    "matchItems": [
      "farm_and_charm:rotten_tomato"
    ],
    "resultItems": "farmersdelight:rotten_tomato"
  },
  {
    "matchItems": [
      "farm_and_charm:tomato_seeds"
    ],
    "resultItems": "farmersdelight:tomato_seeds"
  },
  {
    "matchItems": [
      "farm_and_charm:onion_bag"
    ],
    "resultItems": "farmersdelight:onion_crate"
  },
  {
    "matchItems": [
      "farm_and_charm:tomato_bag"
    ],
    "resultItems": "farmersdelight:tomato_crate"
  },
  {
    "matchItems": [
      "tconstruct:steel_ingot"
    ],
    "resultItems": "create_ironworks:steel_ingot"
  },
  {
    "matchItems": [
      "tconstruct:steel_nugget"
    ],
    "resultItems": "create_ironworks:steel_nugget"
  },
  {
    "matchItems": [
      "tconstruct:steel_block"
    ],
    "resultItems": "create_ironworks:steel_block"
  }
]
